{
  "swagger" : "2.0",
  "info" : {
    "description" : "This is the Smart Boxing Bag API Documentation.",
    "version" : "1.0.0",
    "title" : "Smart Boxing Bag",
    "contact" : {
      "email" : "contacto@sbb-app.site"
    },
    "license" : {
      "name" : "Apache 2.0",
      "url" : "http://www.apache.org/licenses/LICENSE-2.0.html"
    }
  },
  "host" : "virtserver.swaggerhub.com",
  "basePath" : "/smartboxingbag/SBB/1.0.0",
  "tags" : [ {
    "name" : "SBBLogin",
    "description" : "End point para realizar login en la app mobile"
  }, {
    "name" : "SBBRegister",
    "description" : "Operations available to regular developers"
  }, {
    "name" : "SBBListarRetos",
    "description" : "Operations available to regular developers"
  }, {
    "name" : "SBBMyAccount",
    "description" : "Operations available to regular developers"
  }, {
    "name" : "SBBRecovery",
    "description" : "Operations available to regular developers"
  }, {
    "name" : "SBBWriteStatistics",
    "description" : "Operations available to regular developers"
  }, {
    "name" : "SBBReadDataStatistics",
    "description" : "Operations available to regular developers"
  } ],
  "schemes" : [ "https" ],
  "paths" : {
    "/SBBLoginManual" : {
      "get" : {
        "tags" : [ "SBBLogin" ],
        "summary" : "login user",
        "description" : "Pasando los parametros necesarios \nhabilitara al user en la aplicacion mobile\n",
        "produces" : [ "application/json" ],
        "parameters" : [ {
          "name" : "email",
          "in" : "query",
          "description" : "User email",
          "required" : true,
          "type" : "string"
        }, {
          "name" : "password",
          "in" : "query",
          "description" : "User password",
          "required" : true,
          "type" : "string"
        } ],
        "responses" : {
          "200" : {
            "description" : "login exitoso",
            "schema" : {
              "type" : "array",
              "items" : {
                "$ref" : "#/definitions/SBBLoginManual"
              }
            }
          },
          "400" : {
            "description" : "No hay valores"
          }
        }
      }
    },
    "/SBBRegistroManual" : {
      "get" : {
        "tags" : [ "SBBRegister" ],
        "summary" : "Registrar usuario en app",
        "description" : "Registrar usuario en app",
        "produces" : [ "application/json" ],
        "parameters" : [ {
          "name" : "name",
          "in" : "query",
          "description" : "User name",
          "required" : true,
          "type" : "string"
        }, {
          "name" : "surname",
          "in" : "query",
          "description" : "User surname",
          "required" : true,
          "type" : "string"
        }, {
          "name" : "email",
          "in" : "query",
          "description" : "User email",
          "required" : true,
          "type" : "string"
        }, {
          "name" : "password",
          "in" : "query",
          "description" : "User password",
          "required" : true,
          "type" : "string"
        }, {
          "name" : "phone",
          "in" : "query",
          "description" : "User phone",
          "required" : true,
          "type" : "string"
        } ],
        "responses" : {
          "200" : {
            "description" : "Status:ok",
            "schema" : {
              "type" : "array",
              "items" : {
                "$ref" : "#/definitions/SBBRegistroManual"
              }
            }
          },
          "400" : {
            "description" : "error in one or more values required in the register"
          },
          "409" : {
            "description" : "this email adresss are already in use"
          }
        }
      }
    },
    "/SBBListarChallenges" : {
      "post" : {
        "tags" : [ "SBBListarRetos" ],
        "summary" : "Listar retos ",
        "description" : "Listar retos ",
        "operationId" : "SBBListarRetos",
        "consumes" : [ "application/json" ],
        "produces" : [ "application/json" ],
        "parameters" : [ {
          "in" : "body",
          "name" : "SBBListarChallenges",
          "description" : "Listar retos ",
          "required" : false,
          "schema" : {
            "$ref" : "#/definitions/SBBListarChallenges"
          }
        } ],
        "responses" : {
          "200" : {
            "description" : "Status:ok"
          },
          "400" : {
            "description" : "error in one or more values required in the register"
          },
          "409" : {
            "description" : "this email adresss are already in use"
          }
        }
      }
    },
    "/SBBMyAccount" : {
      "get" : {
        "tags" : [ "SBBMyAccount" ],
        "summary" : "Modificar datos de usuario en app",
        "description" : "Modificar datos de usuario en app",
        "produces" : [ "application/json" ],
        "parameters" : [ {
          "name" : "idUser",
          "in" : "query",
          "description" : "User Id",
          "required" : true,
          "type" : "string"
        }, {
          "name" : "userName",
          "in" : "query",
          "description" : "User userName",
          "required" : true,
          "type" : "string"
        }, {
          "name" : "name",
          "in" : "query",
          "description" : "User name",
          "required" : true,
          "type" : "string"
        }, {
          "name" : "surname",
          "in" : "query",
          "description" : "User surname",
          "required" : true,
          "type" : "string"
        }, {
          "name" : "email",
          "in" : "query",
          "description" : "User email",
          "required" : true,
          "type" : "string"
        }, {
          "name" : "password",
          "in" : "query",
          "description" : "User password",
          "required" : true,
          "type" : "string"
        }, {
          "name" : "phone",
          "in" : "query",
          "description" : "User phone",
          "required" : true,
          "type" : "string"
        } ],
        "responses" : {
          "200" : {
            "description" : "Status:ok",
            "schema" : {
              "type" : "array",
              "items" : {
                "$ref" : "#/definitions/SBBRegistroManual"
              }
            }
          },
          "400" : {
            "description" : "error in one or more values required in the register"
          },
          "409" : {
            "description" : "this email adresss are already in use"
          }
        }
      }
    },
    "/SBBRecuperarPassword" : {
      "get" : {
        "tags" : [ "SBBRecovery" ],
        "summary" : "Recovery password",
        "description" : "Pasando los parametros necesarios \nenviara al user mail para recuperar password\n",
        "produces" : [ "application/json" ],
        "parameters" : [ {
          "name" : "email",
          "in" : "query",
          "description" : "User email",
          "required" : true,
          "type" : "string"
        } ],
        "responses" : {
          "200" : {
            "description" : "recovery exitoso",
            "schema" : {
              "type" : "array",
              "items" : {
                "$ref" : "#/definitions/SBBRecuperarPassword"
              }
            }
          },
          "400" : {
            "description" : "No se encuentra mail."
          }
        }
      }
    },
    "/SBBWriteStatistics" : {
      "get" : {
        "tags" : [ "SBBWriteStatistics" ],
        "summary" : "Enviar datos de sensor al servidor",
        "description" : "Pasando los parametros necesarios \nenviara datos de sensor al servidor\n",
        "produces" : [ "application/json" ],
        "parameters" : [ {
          "name" : "user",
          "in" : "query",
          "description" : "User Id",
          "required" : true,
          "type" : "string"
        }, {
          "name" : "challengue",
          "in" : "query",
          "description" : "Categoria de reto",
          "required" : true,
          "type" : "string"
        }, {
          "name" : "tipoChallengue",
          "in" : "query",
          "description" : "Tipo de reto",
          "required" : true,
          "type" : "string"
        }, {
          "name" : "hits",
          "in" : "query",
          "description" : "Datos de sensado de golpes",
          "required" : true,
          "type" : "string"
        }, {
          "name" : "time",
          "in" : "query",
          "description" : "Tiempo de reto",
          "required" : true,
          "type" : "string"
        } ],
        "responses" : {
          "200" : {
            "description" : "Status OK",
            "schema" : {
              "type" : "array",
              "items" : {
                "$ref" : "#/definitions/SBBWriteStatistics"
              }
            }
          },
          "400" : {
            "description" : "error in data."
          }
        }
      }
    },
    "/SBBReadDataStatistics" : {
      "get" : {
        "tags" : [ "SBBReadDataStatistics" ],
        "summary" : "Leer estadisticas de usuario",
        "description" : "Pasando los parametros necesarios \nenviara data sensada por la app.\n",
        "produces" : [ "application/json" ],
        "parameters" : [ {
          "name" : "idUser",
          "in" : "query",
          "description" : "User idUser",
          "required" : true,
          "type" : "string"
        } ],
        "responses" : {
          "200" : {
            "description" : "Status OK",
            "schema" : {
              "type" : "array",
              "items" : {
                "$ref" : "#/definitions/SBBReadDataStatistics"
              }
            }
          },
          "400" : {
            "description" : "No hay valores."
          }
        }
      }
    }
  },
  "definitions" : {
    "SBBLoginManual" : {
      "type" : "object",
      "properties" : {
        "result" : {
          "type" : "object",
          "example" : {
            "idUser" : "46713",
            "userName" : "demo1",
            "password" : "e100adc3949ba59abbe56e057f20f883e",
            "email" : "demo@sbb.com",
            "name" : "demo1",
            "surname" : "sbb",
            "country" : "country",
            "state" : "",
            "city" : "city",
            "address" : "address",
            "postalCode" : "",
            "idFacebook" : "",
            "idGoogle" : "",
            "profilePicture" : "",
            "phone_cod" : "",
            "phone" : "1234567",
            "status" : "",
            "axisY" : "null",
            "axisX" : "null",
            "location" : "",
            "mailConfirmado" : "0",
            "dni" : "12345678",
            "cuil" : "",
            "premium" : "0",
            "fechaRegistro" : "2018-07-11 15:59:22.0",
            "sesionHistory" : "",
            "statistics" : ""
          },
          "properties" : { }
        }
      }
    },
    "SBBRegistroManual" : {
      "type" : "object",
      "required" : [ "email", "name", "password", "phone" ],
      "properties" : {
        "name" : {
          "type" : "object",
          "example" : "Demo",
          "properties" : { }
        },
        "surname" : {
          "type" : "string",
          "example" : "Sbb"
        },
        "email" : {
          "type" : "string",
          "example" : "demoreg@sbb.com"
        },
        "password" : {
          "type" : "string",
          "example" : "e100adc3949ba59abbe56e057f20f883e"
        },
        "phone" : {
          "type" : "string",
          "example" : "12345678"
        }
      }
    },
    "SBBListarChallenges" : {
      "type" : "object"
    },
    "SBBMyAccount" : {
      "type" : "object",
      "required" : [ "email", "idUser", "name", "password", "phone", "surname", "userName" ],
      "properties" : {
        "idUser" : {
          "type" : "string",
          "example" : "2730938"
        },
        "userName" : {
          "type" : "string",
          "example" : "DemoApp"
        },
        "name" : {
          "type" : "string",
          "example" : "Demo"
        },
        "surname" : {
          "type" : "string",
          "example" : "Sbb"
        },
        "email" : {
          "type" : "string",
          "example" : "demo@sbb.com"
        },
        "password" : {
          "type" : "string",
          "example" : "e100adc3949ba59abbe56e057f20f883e"
        },
        "phone" : {
          "type" : "string",
          "example" : "12345678"
        }
      }
    },
    "SBBRecuperarPassword" : {
      "type" : "object",
      "required" : [ "mail" ],
      "properties" : {
        "mail" : {
          "type" : "string",
          "example" : "demo@sbb.com"
        }
      }
    },
    "SBBWriteStatistics" : {
      "type" : "object",
      "required" : [ "challenge", "hits", "time", "tipoChallenge", "user" ],
      "properties" : {
        "user" : {
          "type" : "string",
          "example" : "2730938"
        },
        "challenge" : {
          "type" : "string",
          "example" : "Profesional"
        },
        "tipoChallenge" : {
          "type" : "string",
          "example" : "Velocidad"
        },
        "hits" : {
          "type" : "string",
          "example" : "[345,432,456,453,467,456,510,498,490,499,456,438,456,478]"
        },
        "time" : {
          "type" : "string",
          "example" : "30"
        }
      }
    },
    "SBBReadDataStatistics" : {
      "type" : "object",
      "required" : [ "idUser" ],
      "properties" : {
        "idUser" : {
          "type" : "string",
          "example" : "2730938"
        }
      }
    }
  }
}